{"_wandb":{"runtime":126},"_runtime":126.375193985,"_step":0,"knee_x4":{"val_loss":0.2969230680483216,"val_ssim":0.703076931951678},"brain_x8":{"val_loss":0.29089618934048167,"val_ssim":0.7091038106595177},"_timestamp":1.751809370579517e+09,"brain_x4":{"val_loss":0.22211059739691155,"val_ssim":0.7778894026030886},"overall":{"val_loss":0.2963756352877987,"val_ssim":0.7036243647122016},"knee_x8":{"val_loss":0.39924203763690885,"val_ssim":0.6007579623630912}}