{"_runtime":1884.161173099,"knee_x4":{"val_ssim":0.7924843303227074,"train_loss":0.1155629006065629,"train_ssim":0.8901244295991729,"val_loss":0.20751566967729276},"epoch":1,"knee_x8/sample":{"format":"png","width":1200,"height":800,"_type":"image-file","sha256":"3bbfed49eb8620720227dc4d11c38d807da9bf4cf1eb9d79b6822fcb1f4ae055","size":676908,"path":"media/images/knee_x8/sample_1_3bbfed49eb8620720227.png"},"_wandb":{"runtime":1884},"lr":0.0006548539886902863,"brain_x4":{"train_loss":0.07431663804278303,"train_ssim":0.9278919477067517,"val_ssim":0.8929038576489461,"val_loss":0.10709614235105418},"knee_x4/sample":{"sha256":"a6bb1937f0c2a990644d01cab042bf800425b2d30137e09fd81a9fa085029c8a","size":657100,"path":"media/images/knee_x4/sample_1_a6bb1937f0c2a990644d.png","format":"png","width":1200,"height":800,"_type":"image-file"},"knee_x8":{"val_ssim":0.7011357448731145,"train_loss":0.14700814523629202,"train_ssim":0.8607309205191476,"val_loss":0.2988642551268853},"brain_x8":{"val_ssim":0.8420206414613314,"train_loss":0.09824662015222578,"train_ssim":0.9046892442892197,"val_loss":0.15797935853866835},"_step":1,"brain_x8/sample":{"size":528130,"path":"media/images/brain_x8/sample_1_1d2729c489b93e733bc2.png","format":"png","width":1200,"height":800,"_type":"image-file","sha256":"1d2729c489b93e733bc2a5c1558e55decbf9ee4984a4952096cdd8dfb2bb5678"},"overall":{"train_loss":0.10673178105639984,"val_loss":0.18539526072782284,"val_ssim":0.8146047392721768,"train_ssim":0.8977222239462834},"brain_x4/sample":{"sha256":"5f2f237101360fc80c98bf0d88ac75a86081f46ac4eeeabc94b634c2fd9ac04b","size":523997,"path":"media/images/brain_x4/sample_1_5f2f237101360fc80c98.png","format":"png","width":1200,"height":800,"_type":"image-file"},"_timestamp":1.7517905141275356e+09}