{"lr":0.001,"_timestamp":1.7515171735860786e+09,"_step":41,"_wandb":{"runtime":8},"_runtime":8.445531714,"train_loss":0.13285768013360533}