{"_timestamp":1.751517393120685e+09,"_step":1117,"_wandb":{"runtime":173},"_runtime":173.118529181,"train_loss":0.10637891292572021,"lr":0.001}