{"knee_x4/samples":{"filenames":["media/images/knee_x4/samples_0_c0577e8e55e78286f4ef.png","media/images/knee_x4/samples_0_454a859b5b23f8f74daa.png","media/images/knee_x4/samples_0_718473f2e008a5678a7a.png","media/images/knee_x4/samples_0_de15e038811f54b287e7.png","media/images/knee_x4/samples_0_b5a9c1e0b1e58a833668.png"],"_type":"images/separated","width":1200,"height":800,"format":"png","count":5},"_wandb":{"runtime":910},"overall":{"val_ssim":0.8058502703383408,"train_loss":0.12795045116490594,"train_ssim":0.8778494346494243,"val_loss":0.19414972966165986},"_runtime":910.742738144,"lr":1e-06,"knee_x8/samples":{"width":1200,"height":800,"format":"png","count":5,"filenames":["media/images/knee_x8/samples_0_5093311345f7be13a6b8.png","media/images/knee_x8/samples_0_cbc71e73f1d3a9b59df6.png","media/images/knee_x8/samples_0_31ac297912d4e54956af.png","media/images/knee_x8/samples_0_2548c1c45c2e887487be.png","media/images/knee_x8/samples_0_73a1342a4b48e66bc5e2.png"],"_type":"images/separated"},"brain_x8/samples":{"_type":"images/separated","width":1200,"height":800,"format":"png","count":5,"filenames":["media/images/brain_x8/samples_0_b2bed016c592bde4feb8.png","media/images/brain_x8/samples_0_deeab39d53659b534c8a.png","media/images/brain_x8/samples_0_27932c9e5dbfd1dd0963.png","media/images/brain_x8/samples_0_bc9fc50f5d836b571e7a.png","media/images/brain_x8/samples_0_327486013eee9dad513b.png"]},"_timestamp":1.7518147413696835e+09,"knee_x8":{"val_loss":0.30647975223686047,"val_ssim":0.6935202477631388,"train_loss":0.1637637652225376,"train_ssim":0.8452270875594843},"brain_x4/samples":{"filenames":["media/images/brain_x4/samples_0_5f8d48045054306a700c.png","media/images/brain_x4/samples_0_e31b3f640ab0e439dac5.png","media/images/brain_x4/samples_0_dabc624fe466e90fb7b1.png","media/images/brain_x4/samples_0_e1b13f71b9759463437a.png","media/images/brain_x4/samples_0_26643b0165456aec6991.png"],"_type":"images/separated","width":1200,"height":800,"format":"png","count":5},"epoch":0,"brain_x8":{"train_ssim":0.8778814802351153,"val_ssim":0.8284637305331669,"val_loss":0.17153626946683256,"train_loss":0.12673653411730376},"brain_x4":{"train_loss":0.0988463054251232,"train_ssim":0.9046909380005921,"val_loss":0.11561349835399434,"val_ssim":0.8843865016460056},"_step":0,"knee_x4":{"val_loss":0.21180059725855985,"train_loss":0.12850584129884812,"train_ssim":0.878237768017839,"val_ssim":0.7881994027414403}}