{"lr":1e-06,"brain_x8/samples":{"_type":"images/separated","width":1200,"height":800,"format":"png","count":5,"filenames":["media/images/brain_x8/samples_2_0d480dd1a3ae27e31ab1.png","media/images/brain_x8/samples_2_eb20e62cd368e563a63d.png","media/images/brain_x8/samples_2_c728f30cf3d73b0cf366.png","media/images/brain_x8/samples_2_7afc232348d13f0778e4.png","media/images/brain_x8/samples_2_028145d082d1e1e2008f.png"]},"knee_x4/samples":{"filenames":["media/images/knee_x4/samples_2_7c78afc14bd1d35db0af.png","media/images/knee_x4/samples_2_a5f36845d7e9bb6248bb.png","media/images/knee_x4/samples_2_74235a5545ec7c826e59.png","media/images/knee_x4/samples_2_0cd95d917a1825a20881.png","media/images/knee_x4/samples_2_ae1704246f20d2843f6a.png"],"_type":"images/separated","width":1200,"height":800,"format":"png","count":5},"overall":{"train_loss":0.13366786366856942,"train_ssim":0.8723738478132552,"val_loss":0.20352952678659206,"val_ssim":0.7964704732134082},"brain_x4":{"train_loss":0.10504302023206458,"val_loss":0.13001506279425348,"val_ssim":0.8699849372057468,"train_ssim":0.8987178376264431},"_step":2,"knee_x8":{"train_ssim":0.8404099808505074,"val_loss":0.30944090546181413,"val_ssim":0.6905590945381855,"train_loss":0.1687791827196766},"knee_x8/samples":{"_type":"images/separated","width":1200,"height":800,"format":"png","count":5,"filenames":["media/images/knee_x8/samples_2_5396626094361cc5dc82.png","media/images/knee_x8/samples_2_aaea54d36c669e6076b3.png","media/images/knee_x8/samples_2_161716ae78c419aafade.png","media/images/knee_x8/samples_2_23a37fd40407df786462.png","media/images/knee_x8/samples_2_d542710d83488fe982cd.png"]},"epoch":2,"_wandb":{"runtime":906},"_runtime":906.93278941,"knee_x4":{"train_loss":0.13338003819891966,"train_ssim":0.8736282096409926,"val_loss":0.2223835045359159,"val_ssim":0.7776164954640843},"brain_x4/samples":{"filenames":["media/images/brain_x4/samples_2_347ec1a45fba1f99655f.png","media/images/brain_x4/samples_2_c4a92f9f1e9888ce3ca3.png","media/images/brain_x4/samples_2_dfc6401d0579dd500eb1.png","media/images/brain_x4/samples_2_f71344c04dbe4f249969.png","media/images/brain_x4/samples_2_41d064553d0989911ff2.png"],"_type":"images/separated","width":1200,"height":800,"format":"png","count":5},"brain_x8":{"train_loss":0.13325935870483968,"train_ssim":0.8716363811194231,"val_ssim":0.8201505619264119,"val_loss":0.17984943807358758},"_timestamp":1.7518195858032143e+09}