{"brain_x8/samples":{"_type":"images/separated","width":1200,"height":800,"format":"png","count":5,"filenames":["media/images/brain_x8/samples_0_a94c0eb15b572c36b529.png","media/images/brain_x8/samples_0_c9d58df1373d2bdf6d3e.png","media/images/brain_x8/samples_0_e026503e0149398bf83b.png","media/images/brain_x8/samples_0_a6a5dee079ee1fe953cc.png","media/images/brain_x8/samples_0_61b5d61cb83de62c4016.png"]},"_runtime":896.297853862,"knee_x8/samples":{"filenames":["media/images/knee_x8/samples_0_5e1461a1fec975b83332.png","media/images/knee_x8/samples_0_8999a0d8d503d5f71bc8.png","media/images/knee_x8/samples_0_c41e09b4e5023228af10.png","media/images/knee_x8/samples_0_6919c3a9bb4b83c68025.png","media/images/knee_x8/samples_0_5fa64f290b18e4395409.png"],"_type":"images/separated","width":1200,"height":800,"format":"png","count":5},"_timestamp":1.7518110682230935e+09,"overall":{"train_ssim":0.8781920335282242,"val_loss":0.1937091418283489,"val_ssim":0.8062908581716519,"train_loss":0.1273087828726981},"_step":0,"knee_x8":{"train_loss":0.1647192714694547,"train_ssim":0.8440832938360977,"val_loss":0.3054492144740112,"val_ssim":0.6945507855259884},"knee_x4/samples":{"count":5,"filenames":["media/images/knee_x4/samples_0_b036c73c65af65e91e57.png","media/images/knee_x4/samples_0_c234a82a06a051f08474.png","media/images/knee_x4/samples_0_5e37228a9b56941b8175.png","media/images/knee_x4/samples_0_f8ac2cc44df5d691f42a.png","media/images/knee_x4/samples_0_eebb729582b7c15becbe.png"],"_type":"images/separated","width":1200,"height":800,"format":"png"},"epoch":0,"_wandb":{"runtime":896},"lr":1e-06,"brain_x8":{"val_loss":0.1669233306056266,"val_ssim":0.8330766693943731,"train_loss":0.12557350370935788,"train_ssim":0.8786220155005177},"knee_x4":{"val_loss":0.21389516780386333,"val_ssim":0.7861048321961364,"train_loss":0.12850317920773846,"train_ssim":0.8780847535313139},"brain_x4":{"train_ssim":0.9062853499326803,"val_loss":0.11770850895690678,"val_ssim":0.8822914910430939,"train_loss":0.09686502327931627},"brain_x4/samples":{"height":800,"format":"png","count":5,"filenames":["media/images/brain_x4/samples_0_dbadfe9907870ee9ec57.png","media/images/brain_x4/samples_0_7e8ec17867fc8c3be0e7.png","media/images/brain_x4/samples_0_2148c54fedcb6cef504d.png","media/images/brain_x4/samples_0_f495b69585371dfbc28e.png","media/images/brain_x4/samples_0_be72cece05126aecfa3d.png"],"_type":"images/separated","width":1200}}