{"_wandb":{"runtime":901},"_step":0,"knee_x4/samples":{"format":"png","count":5,"filenames":["media/images/knee_x4/samples_0_e22efa69ba81c2014671.png","media/images/knee_x4/samples_0_ac26a5d92feee22a3181.png","media/images/knee_x4/samples_0_6b84302b8a707c702488.png","media/images/knee_x4/samples_0_cccef6c1a3681e6c84bd.png","media/images/knee_x4/samples_0_61645cbdd6ec80c2e936.png"],"_type":"images/separated","width":1200,"height":800},"knee_x8/samples":{"format":"png","count":5,"filenames":["media/images/knee_x8/samples_0_94ccf64abb1959f83021.png","media/images/knee_x8/samples_0_1003967d1ae2c810fae2.png","media/images/knee_x8/samples_0_5fc32a7ac6cff470add8.png","media/images/knee_x8/samples_0_27173fd88108906bc88d.png","media/images/knee_x8/samples_0_32b3abf10c3de56f0f03.png"],"_type":"images/separated","width":1200,"height":800},"lr":1e-06,"knee_x8":{"train_loss":0.16137830959343763,"val_loss":0.30776501876137086,"val_ssim":0.6922349812386291,"train_ssim":0.8474278246922734},"brain_x8/samples":{"count":5,"filenames":["media/images/brain_x8/samples_0_52f1def0659d61d50078.png","media/images/brain_x8/samples_0_86035a8d1e083827b726.png","media/images/brain_x8/samples_0_17aa63ef36cde07aadd9.png","media/images/brain_x8/samples_0_649b89638cbbeb329e62.png","media/images/brain_x8/samples_0_7ca9a7218232a538595a.png"],"_type":"images/separated","width":1200,"height":800,"format":"png"},"_runtime":901.375759538,"brain_x4/samples":{"filenames":["media/images/brain_x4/samples_0_5899638dbeed96bed91e.png","media/images/brain_x4/samples_0_9dac8adbf1d613368737.png","media/images/brain_x4/samples_0_f0c33db44b023d1e2c60.png","media/images/brain_x4/samples_0_2e6575af737e1cfd2853.png","media/images/brain_x4/samples_0_93ea08f3ccbf3266da53.png"],"_type":"images/separated","width":1200,"height":800,"format":"png","count":5},"_timestamp":1.7518119849572325e+09,"brain_x8":{"val_loss":0.17614015262682245,"train_loss":0.12536352642767964,"train_ssim":0.8791429614574715,"val_ssim":0.8238598473731771},"overall":{"val_loss":0.19906963847117673,"val_ssim":0.8009303615288238,"train_loss":0.12689851243691988,"train_ssim":0.8787744280317455},"epoch":0,"knee_x4":{"val_loss":0.21681440077906813,"val_ssim":0.7831855992209319,"train_loss":0.12691594336576478,"train_ssim":0.8797135714782632},"brain_x4":{"train_loss":0.09966838798891037,"val_ssim":0.8764263268955041,"val_loss":0.1235736731044956,"train_ssim":0.9037641523216698}}