{"val_loss":0.003756328020244837,"val_ssim":0.7746203298279394,"lr":0.001,"_timestamp":1.7515175689039133e+09,"_wandb":{"runtime":86},"_runtime":86,"_step":0,"epoch":0}