{"_timestamp":1.7518101608898299e+09,"_wandb":{"runtime":962},"knee_x4":{"val_loss":0.2425815588397686,"val_ssim":0.7574184411602313,"train_loss":0.15472016985155307,"train_ssim":0.8532511209350085},"epoch":0,"_runtime":962.985681391,"_step":0,"knee_x8":{"train_ssim":0.8176429209819174,"val_ssim":0.660772436056404,"val_loss":0.33922756394359604,"train_loss":0.19220997071837365},"lr":1e-06,"brain_x4":{"train_ssim":0.8687635480769857,"val_loss":0.1743088929791181,"val_ssim":0.8256911070208817,"train_loss":0.1361699661407575},"knee_x4/sample":{"path":"media/images/knee_x4/sample_0_f07c982b31f93ca16ed7.png","format":"png","width":1200,"height":800,"_type":"image-file","sha256":"f07c982b31f93ca16ed77f9869e319e542435bcce96f205c304db3dcc5611111","size":644398},"knee_x8/sample":{"width":1200,"height":800,"_type":"image-file","sha256":"b3839be47ff1ec22e11412e15c6b63c9e9cf8d8fc1438239a12807b2fe7fcdba","size":694170,"path":"media/images/knee_x8/sample_0_b3839be47ff1ec22e114.png","format":"png"},"brain_x8/sample":{"path":"media/images/brain_x8/sample_0_03bf08a993af6a440c46.png","format":"png","width":1200,"height":800,"_type":"image-file","sha256":"03bf08a993af6a440c46f096048f5e09b470a42bfad39db7850d8d6ac3c51ceb","size":546256},"overall":{"val_loss":0.23896917193200942,"val_ssim":0.76103082806799,"train_loss":0.16060096662726547,"train_ssim":0.8464394152935414},"brain_x4/sample":{"size":531238,"path":"media/images/brain_x4/sample_0_cb1cbd92d640eb09b0fe.png","format":"png","width":1200,"height":800,"_type":"image-file","sha256":"cb1cbd92d640eb09b0fe6fa49f1a7bfed677310a8584c9faf55548579627423f"},"brain_x8":{"val_ssim":0.7766332788229325,"train_loss":0.16354633318621103,"train_ssim":0.8424834491338667,"val_loss":0.2233667211770677}}