{"_runtime":450.137048495,"_timestamp":1.7527523923431656e+09,"overall":{"train_loss":0.09296003544419698,"train_ssim":0.9155711531639099,"val_loss":0.0798220620040755,"val_ssim":0.9276699334086349},"_step":0,"epoch":0,"knee_x8/samples":{"height":800,"format":"png","count":5,"filenames":["media/images/knee_x8/samples_0_dc09bafc2fc850b0c19e.png","media/images/knee_x8/samples_0_4894587554c261e16e83.png","media/images/knee_x8/samples_0_a19354d638bc09494398.png","media/images/knee_x8/samples_0_021641508358cff64273.png","media/images/knee_x8/samples_0_03d8ad2464bd56893fe3.png"],"_type":"images/separated","width":1200},"knee_x4/samples":{"filenames":["media/images/knee_x4/samples_0_01be5977bd1caa668b52.png","media/images/knee_x4/samples_0_c52d46d576a3a74baf04.png","media/images/knee_x4/samples_0_b34987459796e7bf933d.png","media/images/knee_x4/samples_0_2f1b9ace938f610feef7.png","media/images/knee_x4/samples_0_f86f48ca05f92b55c0eb.png"],"_type":"images/separated","width":1200,"height":800,"format":"png","count":5},"lr":0.0009699999999999999,"_wandb":{"runtime":450},"knee_x4":{"val_loss":0.07126825826355454,"val_ssim":0.9359867914034186,"train_ssim":0.9284922480583191,"train_loss":0.07920731159087598},"knee_x8":{"train_loss":0.10655412095670772,"train_ssim":0.9027989506721497,"val_loss":0.08897694384528174,"val_ssim":0.9187686475547584}}