{"_wandb":{"runtime":60},"_runtime":60,"lr":0.001,"_timestamp":1.7514692172067974e+09,"_step":0,"epoch":0,"val_loss":0.003756328020244837,"val_ssim":0.7746203298279394}