{"brain_x4":{"val_ssim":0.8725569086810651,"val_loss":0.142743479684916},"brain_x8/samples":{"height":800,"format":"png","count":5,"filenames":["media/images/brain_x8/samples_0_ebb6372fb32665125c92.png","media/images/brain_x8/samples_0_ae3f89f813778ec87a5b.png","media/images/brain_x8/samples_0_f25da6f2507fe7054498.png","media/images/brain_x8/samples_0_f541ce0b3a55cf4b8ec3.png","media/images/brain_x8/samples_0_392abeaecee4e2fa0da7.png"],"_type":"images/separated","width":1200},"leaderboard/ssim_acc8":0.8433504104614258,"_wandb":{"runtime":663},"brain_x8":{"val_loss":0.17360625153833972,"val_ssim":0.8446288787657432},"knee_x4":{"val_loss":0.1446995005914659,"val_ssim":0.8658973474356563},"lr":0.00096,"knee_x4/samples":{"format":"png","count":5,"filenames":["media/images/knee_x4/samples_0_9b6a091dd35b6c6f6ebb.png","media/images/knee_x4/samples_0_27015bb72d12c28b7e48.png","media/images/knee_x4/samples_0_bdba95db989629b4292d.png","media/images/knee_x4/samples_0_68870e68b69272ab2ec1.png","media/images/knee_x4/samples_0_d254c48d19d1259de157.png"],"_type":"images/separated","width":1200,"height":800},"_runtime":663.324687303,"leaderboard/epoch":0,"knee_x8/samples":{"count":5,"filenames":["media/images/knee_x8/samples_0_68e24248bcd7826f4831.png","media/images/knee_x8/samples_0_39f3e20eaf5d863fb48d.png","media/images/knee_x8/samples_0_700d999af74c9a874b44.png","media/images/knee_x8/samples_0_fae872b8c65fc2fd3a06.png","media/images/knee_x8/samples_0_bdaf417e78773f9916c6.png"],"_type":"images/separated","width":1200,"height":800,"format":"png"},"leaderboard/time_min":7.0656086921003105,"overall":{"val_loss":0.1540119699630223,"val_ssim":0.8600361404549858},"leaderboard/ssim_acc4":0.8621340394020081,"_timestamp":1.7535039053241873e+09,"brain_x4/samples":{"format":"png","count":5,"filenames":["media/images/brain_x4/samples_0_e1e4e97de18530186f74.png","media/images/brain_x4/samples_0_71758aecc5984546e4e9.png","media/images/brain_x4/samples_0_6d72769583911fe94a6d.png","media/images/brain_x4/samples_0_32362b9e1fd224201ac7.png","media/images/brain_x4/samples_0_5f85e34cfbe1dec0bb75.png"],"_type":"images/separated","width":1200,"height":800},"knee_x8":{"val_ssim":0.857507705044102,"val_loss":0.15317780252646757},"leaderboard/ssim_mean":0.8527421951293945,"_step":0,"epoch":0}