{"_wandb":{"runtime":7999},"leaderboard/ssim_mean":0.9617962837219238,"lr":0.0009699999999999999,"leaderboard/ssim_acc8":0.953880786895752,"knee_x8/samples":{"count":5,"filenames":["media/images/knee_x8/samples_0_6d2bb70de75ad2d1b7e5.png","media/images/knee_x8/samples_0_06a7431ee49d6301c782.png","media/images/knee_x8/samples_0_bd885ef9604bd06446c7.png","media/images/knee_x8/samples_0_c45c198db673efd37834.png","media/images/knee_x8/samples_0_b7a1243774800448286f.png"],"_type":"images/separated","width":1200,"height":800,"format":"png"},"_timestamp":1.752747488327372e+09,"_step":0,"overall":{"train_loss":0.056217286388039314,"train_ssim":0.9504719376564026,"val_loss":0.04445277931318713,"val_ssim":0.9609309405151765},"leaderboard/ssim_acc4":0.9697118401527405,"leaderboard/time_min":9.30495043003272,"brain_x8":{"train_ssim":0.9562266326399513,"val_loss":0.039012765257291734,"val_ssim":0.9670795736971036,"train_loss":0.05121273760025093},"knee_x4":{"train_loss":0.0630507566192801,"train_ssim":0.9433214664459229,"val_loss":0.05533606068447533,"val_ssim":0.9503516224989047},"knee_x4/samples":{"_type":"images/separated","width":1200,"height":800,"format":"png","count":5,"filenames":["media/images/knee_x4/samples_0_b1ac86a6eb1100656c34.png","media/images/knee_x4/samples_0_e5eb4baea3c19a76eb7d.png","media/images/knee_x4/samples_0_5b8646965e5f76398da5.png","media/images/knee_x4/samples_0_4ebdf395d7c0409442f1.png","media/images/knee_x4/samples_0_15a162c901126fe5a0ef.png"]},"epoch":0,"knee_x8":{"train_loss":0.08910799763614136,"train_ssim":0.9188272953033447,"val_loss":0.07469105455722358,"val_ssim":0.931788218514742},"brain_x4/samples":{"filenames":["media/images/brain_x4/samples_0_cf33a9ec67b87ba93db4.png","media/images/brain_x4/samples_0_cf782f7ccf52cee92268.png","media/images/brain_x4/samples_0_754a8b6498c81dcc4584.png","media/images/brain_x4/samples_0_c4658632117558d1e2b6.png","media/images/brain_x4/samples_0_18d36b00787022b1d703.png"],"_type":"images/separated","width":1200,"height":800,"format":"png","count":5},"leaderboard/epoch":0,"brain_x4":{"val_loss":0.017605415737158302,"train_ssim":0.9770164395700225,"train_loss":0.02814465040917424,"val_ssim":0.9859744262386745},"brain_x8/samples":{"filenames":["media/images/brain_x8/samples_0_eeaa56cfc6c9144d3ea5.png","media/images/brain_x8/samples_0_78cc33597942923809f5.png","media/images/brain_x8/samples_0_839e5b8dec1dac89ffd8.png","media/images/brain_x8/samples_0_2bc16b5d80b029d804c1.png","media/images/brain_x8/samples_0_e2b11227fa0570f82059.png"],"_type":"images/separated","width":1200,"height":800,"format":"png","count":5},"_runtime":7999.02777649}