{"overall":{"train_loss":0.13293795649609497,"train_ssim":0.8729010911027253,"val_ssim":0.7977479207696048,"val_loss":0.2022520792303959},"_timestamp":1.7518156498428094e+09,"_runtime":895.646325581,"brain_x8":{"train_ssim":0.8723656995880983,"val_loss":0.1862516489704128,"val_ssim":0.8137483510295874,"train_loss":0.13218521742297326},"knee_x8":{"train_loss":0.16860345357693501,"val_loss":0.3114245469771008,"val_ssim":0.6885754530228989,"train_ssim":0.8404471852553028},"_step":0,"brain_x4/samples":{"width":1200,"height":800,"format":"png","count":5,"filenames":["media/images/brain_x4/samples_0_98eebfd7655f1f2c4966.png","media/images/brain_x4/samples_0_46e599e56b3c0a284607.png","media/images/brain_x4/samples_0_fb563aa7014f93af4806.png","media/images/brain_x4/samples_0_8c09217843927b92220f.png","media/images/brain_x4/samples_0_75e73144e6ad227c30d6.png"],"_type":"images/separated"},"_wandb":{"runtime":895},"epoch":0,"lr":1e-06,"knee_x4/samples":{"format":"png","count":5,"filenames":["media/images/knee_x4/samples_0_023f5e1dec050d87661e.png","media/images/knee_x4/samples_0_42a63ac34f1d3e1f9802.png","media/images/knee_x4/samples_0_82a77af1f9911821eb67.png","media/images/knee_x4/samples_0_228e046fbb1c09d2d567.png","media/images/knee_x4/samples_0_e6c4e76bb8ebfed05cdb.png"],"_type":"images/separated","width":1200,"height":800},"brain_x4":{"train_loss":0.1040274407780088,"train_ssim":0.8994874616022088,"val_loss":0.12285443786625064,"val_ssim":0.8771455621337497},"brain_x8/samples":{"height":800,"format":"png","count":5,"filenames":["media/images/brain_x8/samples_0_baee4a1a707e647d06a4.png","media/images/brain_x8/samples_0_0a1b1dcad04bbcfd110a.png","media/images/brain_x8/samples_0_7d5cb3143e561f6d6971.png","media/images/brain_x8/samples_0_7296725dcd27a2aa6016.png","media/images/brain_x8/samples_0_59952515103a792430e8.png"],"_type":"images/separated","width":1200},"knee_x8/samples":{"height":800,"format":"png","count":5,"filenames":["media/images/knee_x8/samples_0_d96bd45f15d4854d6687.png","media/images/knee_x8/samples_0_c8030a021b97bddbfc66.png","media/images/knee_x8/samples_0_15068a9b326d1a52e427.png","media/images/knee_x8/samples_0_3d0c8865e5547d9ea1be.png","media/images/knee_x8/samples_0_3aadc8377a850872d4e7.png"],"_type":"images/separated","width":1200},"knee_x4":{"val_loss":0.21588152699125535,"val_ssim":0.7841184730087448,"train_loss":0.13285149631209175,"train_ssim":0.874113250142582}}