{"_timestamp":1.7514677578357105e+09,"_wandb":{"runtime":815},"_runtime":815.426278068,"_step":4936,"train_loss":0.14020198583602905,"lr":0.001}