{"brain_x8/samples":{"height":800,"format":"png","count":5,"filenames":["media/images/brain_x8/samples_0_3bdcb8e743d88ccb8f65.png","media/images/brain_x8/samples_0_c709b710b89649cbb8b9.png","media/images/brain_x8/samples_0_728863ffd527ad2d4444.png","media/images/brain_x8/samples_0_0bcad7ffe305b5c9ed68.png","media/images/brain_x8/samples_0_52749b40a066d18b3b5f.png"],"_type":"images/separated","width":1200},"brain_x8":{"val_ssim":0.8276765261247495,"train_loss":0.129346990079106,"train_ssim":0.8759364717382586,"val_loss":0.17232347387525046},"_runtime":931.553196769,"lr":1e-06,"overall":{"train_ssim":0.8765069257588366,"val_loss":0.19404693768583667,"val_ssim":0.8059530623141651,"train_loss":0.1297807028494345},"_wandb":{"runtime":931},"knee_x4/samples":{"filenames":["media/images/knee_x4/samples_0_dd811eccb31d866732e0.png","media/images/knee_x4/samples_0_6615015ade497d23a136.png","media/images/knee_x4/samples_0_20f4d6e54b4cd64427d2.png","media/images/knee_x4/samples_0_c6ed89046e628c067a26.png","media/images/knee_x4/samples_0_4f9e5298d58fe4fabe57.png"],"_type":"images/separated","width":1200,"height":800,"format":"png","count":5},"brain_x4/samples":{"width":1200,"height":800,"format":"png","count":5,"filenames":["media/images/brain_x4/samples_0_21d786168ae87365a281.png","media/images/brain_x4/samples_0_6ee3fb7fad69a5052619.png","media/images/brain_x4/samples_0_f9931fb55fa9cb369d05.png","media/images/brain_x4/samples_0_f97397a57a03162f4739.png","media/images/brain_x4/samples_0_aebf9cc8b262cc7c90c2.png"],"_type":"images/separated"},"_step":0,"brain_x4":{"val_loss":0.11665364362717015,"val_ssim":0.8833463563728294,"train_loss":0.10357674585050258,"train_ssim":0.9005528212407565},"_timestamp":1.7518175056820498e+09,"epoch":0,"knee_x8":{"val_ssim":0.6960027132494386,"train_loss":0.16249966425713758,"train_ssim":0.8467537239788905,"val_loss":0.30399728675056126},"knee_x4":{"train_ssim":0.8781123996530016,"val_ssim":0.7885429243765553,"val_loss":0.211457075623445,"train_loss":0.12900546974296845},"knee_x8/samples":{"filenames":["media/images/knee_x8/samples_0_da7ca681a8dfbda123df.png","media/images/knee_x8/samples_0_30b20e71d3bf3bfb93e7.png","media/images/knee_x8/samples_0_450fc7abbad6cb9e0ddf.png","media/images/knee_x8/samples_0_c5f75025167bccb5f0a4.png","media/images/knee_x8/samples_0_f4c8e2dc5d27df8b920b.png"],"_type":"images/separated","width":1200,"height":800,"format":"png","count":5}}