{"_step":0,"brain_x8/sample":{"_type":"image-file","sha256":"fa55e7d74dc0ca43bc54912305acf7e2ab7a5815edb7ea42322cb063eac4124e","size":546166,"path":"media/images/brain_x8/sample_0_fa55e7d74dc0ca43bc54.png","format":"png","width":1200,"height":800},"epoch":0,"overall":{"val_loss":0.23897305623261636,"val_ssim":0.7610269437673833,"train_ssim":0.8462640646203292,"train_loss":0.16077106740700542},"knee_x8/sample":{"format":"png","width":1200,"height":800,"_type":"image-file","sha256":"80d98c2108445afb6495014fc74e28d462952b7f0b258051fcb94eb30313253f","size":694243,"path":"media/images/knee_x8/sample_0_80d98c2108445afb6495.png"},"brain_x8":{"val_ssim":0.7770078285691874,"train_loss":0.1636573095010616,"train_ssim":0.8423648263174661,"val_loss":0.22299217143081232},"_runtime":889.982078427,"knee_x4/sample":{"height":800,"_type":"image-file","sha256":"e2aa02873efa49e25f77554dce5292811f7b018497d4a69e1960dc91f37841c4","size":644913,"path":"media/images/knee_x4/sample_0_e2aa02873efa49e25f77.png","format":"png","width":1200},"_timestamp":1.75180918630346e+09,"brain_x4":{"train_ssim":0.8685898789545474,"val_ssim":0.8256354172843305,"val_loss":0.1743645827156698,"train_loss":0.13633515278630026},"lr":1e-06,"knee_x4":{"train_loss":0.15490688081275625,"train_ssim":0.853062798668709,"val_loss":0.24284529534042287,"val_ssim":0.7571547046595771},"brain_x4/sample":{"path":"media/images/brain_x4/sample_0_44dcee7a6ca2fc803f16.png","format":"png","width":1200,"height":800,"_type":"image-file","sha256":"44dcee7a6ca2fc803f167c81ad5ae797e6fc355ceb2a11d1d9e047fe924de9f0","size":530921},"_wandb":{"runtime":889},"knee_x8":{"train_loss":0.19244005681141987,"val_loss":0.33937707057399213,"val_ssim":0.6606229294260079,"train_ssim":0.8174107243978777}}