{"brain_x8/samples":{"format":"png","count":5,"filenames":["media/images/brain_x8/samples_0_067b47d0e190217cd859.png","media/images/brain_x8/samples_0_2febfb6486e6651c1f05.png","media/images/brain_x8/samples_0_d48151249443f6edde1f.png","media/images/brain_x8/samples_0_bf0f96121de78c2eca83.png","media/images/brain_x8/samples_0_579e0c78df35f88ee26a.png"],"_type":"images/separated","width":1200,"height":800},"lr":1e-06,"_step":0,"_wandb":{"runtime":895},"overall":{"val_loss":0.19642677944329456,"val_ssim":0.8035732205567049,"train_loss":0.12588988753502725,"train_ssim":0.8795231637639557},"knee_x4":{"train_loss":0.12852235606585627,"train_ssim":0.8780265607782497,"val_loss":0.21491216518191805,"val_ssim":0.7850878348180816},"epoch":0,"brain_x4/samples":{"format":"png","count":5,"filenames":["media/images/brain_x4/samples_0_44e0a492720df7597551.png","media/images/brain_x4/samples_0_dcf6ca5e26ff0fb5285e.png","media/images/brain_x4/samples_0_966e75d3f7b665671c1e.png","media/images/brain_x4/samples_0_85c4acaa46af1dd6a710.png","media/images/brain_x4/samples_0_76dd9a6d969edac7671d.png"],"_type":"images/separated","width":1200,"height":800},"knee_x8/samples":{"_type":"images/separated","width":1200,"height":800,"format":"png","count":5,"filenames":["media/images/knee_x8/samples_0_4aede9c6de0e122c0b1f.png","media/images/knee_x8/samples_0_315818165e07891e83fe.png","media/images/knee_x8/samples_0_98de7ccb95a958f9ad9f.png","media/images/knee_x8/samples_0_4c066cc15415062984e1.png","media/images/knee_x8/samples_0_67a0af0a7dbdbd06ab56.png"]},"brain_x4":{"val_ssim":0.8822090969548568,"train_loss":0.0960805855876244,"train_ssim":0.9070113637997448,"val_loss":0.11779090304514288},"_runtime":895.308817543,"knee_x8":{"train_loss":0.16325718640434922,"train_ssim":0.8454482396196875,"val_ssim":0.6915076574960572,"val_loss":0.30849234250394336},"_timestamp":1.7518165569078643e+09,"brain_x8":{"train_ssim":0.8816850750647698,"val_loss":0.17342834108116473,"val_ssim":0.8265716589188351,"train_loss":0.122360617046797},"knee_x4/samples":{"filenames":["media/images/knee_x4/samples_0_d0e79ed9a9f2ad70ed33.png","media/images/knee_x4/samples_0_6d9cf680fa874515eb84.png","media/images/knee_x4/samples_0_0a84895dabb254998d48.png","media/images/knee_x4/samples_0_6915517f532f8845c56e.png","media/images/knee_x4/samples_0_6682829fcd56270b7f51.png"],"_type":"images/separated","width":1200,"height":800,"format":"png","count":5}}