{"epoch":0,"knee_x8/samples":{"height":800,"format":"png","count":5,"filenames":["media/images/knee_x8/samples_0_11e6ec5ac39136b1334a.png","media/images/knee_x8/samples_0_b842995644ade6b82d81.png","media/images/knee_x8/samples_0_3e736c3fbf448d756c18.png","media/images/knee_x8/samples_0_60cb0876575802bd8291.png","media/images/knee_x8/samples_0_15a18e2473725e3df4ce.png"],"_type":"images/separated","width":1200},"_wandb":{"runtime":899},"lr":1e-06,"_step":0,"knee_x4":{"val_ssim":0.7887690429878572,"val_loss":0.2112309570121433,"train_loss":0.12731232334938256,"train_ssim":0.8791147220070529},"brain_x8/samples":{"_type":"images/separated","width":1200,"height":800,"format":"png","count":5,"filenames":["media/images/brain_x8/samples_0_64f1815bd4d831850299.png","media/images/brain_x8/samples_0_c6d8889b9385957680be.png","media/images/brain_x8/samples_0_6b292d7465ae08429247.png","media/images/brain_x8/samples_0_2549322395d0a637638e.png","media/images/brain_x8/samples_0_a47ff1deaa0e6ede7ecf.png"]},"knee_x8":{"val_loss":0.30268636640207797,"val_ssim":0.6973136335979219,"train_loss":0.16171630394596279,"train_ssim":0.8468302068397231},"brain_x4":{"train_loss":0.097733458525688,"train_ssim":0.9051997011800927,"val_loss":0.11740640450139525,"val_ssim":0.8825935954986052},"_runtime":899.336582051,"overall":{"val_ssim":0.8082597449334271,"train_loss":0.1262428123542213,"train_ssim":0.8789948588668063,"val_loss":0.19174025506657233},"brain_x4/samples":{"filenames":["media/images/brain_x4/samples_0_53953d5a94e4ac0c7789.png","media/images/brain_x4/samples_0_0af5bad3cce26ecb14cd.png","media/images/brain_x4/samples_0_883c5bc63c0f750b74e6.png","media/images/brain_x4/samples_0_618b3a2794659846dca2.png","media/images/brain_x4/samples_0_14423550e3b491ab393d.png"],"_type":"images/separated","width":1200,"height":800,"format":"png","count":5},"brain_x8":{"train_ssim":0.8795060854209213,"val_loss":0.16447331570553464,"val_ssim":0.8355266842944657,"train_loss":0.12428937939564515},"knee_x4/samples":{"filenames":["media/images/knee_x4/samples_0_6da8bc54f2a87a6720e6.png","media/images/knee_x4/samples_0_f91ea4e35c02dc014922.png","media/images/knee_x4/samples_0_f26a47540dea00e03fc8.png","media/images/knee_x4/samples_0_f6c002847de86d88dbf9.png","media/images/knee_x4/samples_0_3450188fd3dd10d09f9b.png"],"_type":"images/separated","width":1200,"height":800,"format":"png","count":5},"_timestamp":1.7518128949681914e+09}