{
  "accel_mean": {
    "train": 4.164088235294118,
    "val": 4.160500000000001,
    "leaderboard": 4.157155172413793
  },
  "center_energy_mean": {
    "train": 0.11078327149152756,
    "val": 0.10908050835132599,
    "leaderboard": 0.3463900685310364
  },
  "noise_sigma_mean": {
    "train": NaN,
    "val": NaN,
    "leaderboard": NaN
  }
}