{"_step":0,"brain_x4/samples":{"_type":"images/separated","width":1200,"height":800,"format":"png","count":5,"filenames":["media/images/brain_x4/samples_0_e93cb8d19d6280046aae.png","media/images/brain_x4/samples_0_2b0360aeab7182b2905c.png","media/images/brain_x4/samples_0_e3360cd70452677a6f72.png","media/images/brain_x4/samples_0_b8b93ba1bb1387bc8ade.png","media/images/brain_x4/samples_0_125745744e5cdba6daec.png"]},"brain_x4":{"val_loss":0.22211059739691155,"val_ssim":0.7778894026030886},"_wandb":{"runtime":105},"_runtime":105.264153831,"knee_x8/samples":{"width":1200,"height":800,"format":"png","count":5,"filenames":["media/images/knee_x8/samples_0_b55aa56e0fca10f83a8d.png","media/images/knee_x8/samples_0_03fc623da0fb6de55688.png","media/images/knee_x8/samples_0_808885a56f44f4b98ab9.png","media/images/knee_x8/samples_0_1db1e77fbf364df2a457.png","media/images/knee_x8/samples_0_a6e925c046e432aee9df.png"],"_type":"images/separated"},"knee_x4/samples":{"count":5,"filenames":["media/images/knee_x4/samples_0_c10878d9a8ac3651d392.png","media/images/knee_x4/samples_0_a08f10407cc2838c3972.png","media/images/knee_x4/samples_0_a5e7c93557631bbacc2a.png","media/images/knee_x4/samples_0_285b042f7054eecb9a54.png","media/images/knee_x4/samples_0_e8c22945399643c3e4ad.png"],"_type":"images/separated","width":1200,"height":800,"format":"png"},"knee_x4":{"val_ssim":0.703076931951678,"val_loss":0.2969230680483216},"epoch":0,"brain_x8/samples":{"height":800,"format":"png","count":5,"filenames":["media/images/brain_x8/samples_0_2f15f25867a5526c8cba.png","media/images/brain_x8/samples_0_42f0f5e9fa58cf1e5a5f.png","media/images/brain_x8/samples_0_2da0606b3a1d4620ace4.png","media/images/brain_x8/samples_0_418fb996789be69cc25f.png","media/images/brain_x8/samples_0_78f748a3b1052e0d3691.png"],"_type":"images/separated","width":1200},"brain_x8":{"val_ssim":0.7091038106595177,"val_loss":0.29089618934048167},"overall":{"val_loss":0.2963756352877987,"val_ssim":0.7036243647122016},"_timestamp":1.7518177376274443e+09,"knee_x8":{"val_loss":0.39924203763690885,"val_ssim":0.6007579623630912},"lr":1e-06}