{"brain_x4/samples":{"_type":"images/separated","width":1200,"height":800,"format":"png","count":5,"filenames":["media/images/brain_x4/samples_0_8b735e2ca25320dea5a1.png","media/images/brain_x4/samples_0_dba891bdaa6034c5c0ed.png","media/images/brain_x4/samples_0_7109ab8fdf54d827ba19.png","media/images/brain_x4/samples_0_da2c40988b9a41763387.png","media/images/brain_x4/samples_0_79a564f9e57badd75ad6.png"]},"knee_x8":{"train_loss":0.16726498346785687,"train_ssim":0.8420583382050549,"val_loss":0.3066632373634238,"val_ssim":0.6933367626365762},"_wandb":{"runtime":910},"epoch":0,"brain_x8/samples":{"filenames":["media/images/brain_x8/samples_0_1caed3a7a8f484dcaa14.png","media/images/brain_x8/samples_0_aa4e3cbd263bb7199d3a.png","media/images/brain_x8/samples_0_e7f82c1e09a7628791da.png","media/images/brain_x8/samples_0_83b57854cf39a60f35dc.png","media/images/brain_x8/samples_0_949159488a8302badf70.png"],"_type":"images/separated","width":1200,"height":800,"format":"png","count":5},"knee_x4":{"val_ssim":0.7846020859722018,"val_loss":0.2153979140277982,"train_loss":0.13190354067076474,"train_ssim":0.8752532766152114},"_runtime":910.644974178,"brain_x8":{"train_loss":0.13482829593658682,"val_ssim":0.8228364410036414,"val_loss":0.17716355899635913,"train_ssim":0.8703115760962182},"knee_x4/samples":{"width":1200,"height":800,"format":"png","count":5,"filenames":["media/images/knee_x4/samples_0_ba42d36e97c15f1840a5.png","media/images/knee_x4/samples_0_ac0f08fd7ccfb83db68c.png","media/images/knee_x4/samples_0_909b17c788a17c0fa73d.png","media/images/knee_x4/samples_0_bab3f8221963f1835c93.png","media/images/knee_x4/samples_0_55de68652500b4977f0f.png"],"_type":"images/separated"},"_step":0,"lr":1e-06,"brain_x4":{"train_loss":0.10730861823805467,"train_ssim":0.896725427849196,"val_ssim":0.8772485029231123,"val_loss":0.12275149707688761},"knee_x8/samples":{"width":1200,"height":800,"format":"png","count":5,"filenames":["media/images/knee_x8/samples_0_b9247fbeb27dee1555f2.png","media/images/knee_x8/samples_0_412568353bc57e0e9f11.png","media/images/knee_x8/samples_0_557afef15e2040efd4ea.png","media/images/knee_x8/samples_0_29fc942dda5665d8f029.png","media/images/knee_x8/samples_0_1345c03d0bff4fcb9bb3.png"],"_type":"images/separated"},"_timestamp":1.7518138185451303e+09,"overall":{"train_loss":0.1340365935329413,"train_ssim":0.8722105396054031,"val_loss":0.19856442566317106,"val_ssim":0.8014355743368288}}